model,test_mae,test_rmse,test_r2
xgboost,62494.65569699861,109739.00667254224,0.9024461179894329
